{
  "weights": {
    "method_1": 0.17087485319623277,
    "method_2": 0.7075017409415133,
    "method_3": 0.12162340586225394
  },
  "calibration": {
    "method_1": 0.8150985767224797,
    "method_2": 0.9452116040820622,
    "method_3": 0.5980693538137707
  }
}