{
  "weights": {
    "method_1": 0.18697366022104517,
    "method_2": 0.6772853958499655,
    "method_3": 0.1357409439289894
  },
  "calibration": {
    "method_1": 0.8293010928407624,
    "method_2": 0.9227884970264154,
    "method_3": 0.5835382826694466
  }
}