{
  "weights": {
    "method_1": 0.20332905649918392,
    "method_2": 0.6472049752364804,
    "method_3": 0.14946596826433572
  },
  "calibration": {
    "method_1": 0.8431192455104601,
    "method_2": 0.8959994620203432,
    "method_3": 0.5698343370017153
  }
}