{
  "weights": {
    "method_1": 0.1523497390822841,
    "method_2": 0.7403573951245814,
    "method_3": 0.10729286579313446
  },
  "calibration": {
    "method_1": 0.8029607415179352,
    "method_2": 0.9692034546576163,
    "method_3": 0.6149529731973372
  }
}